tile,source_title,provider,license,source_url,gsd_m,lat,lon
vjwd_029_001.png,VJWD_FLOODS (Vijayawada; India),Bhuvan,CC-BY 4.0,https://oin-hotosm-temp.s3.us-east-1.amazonaws.com/6808835dcd738b2388b1efaf/0/6808835dcd738b2388b1efb0.tif,0.1,16.535748,80.635767
vjwd_031_005.png,VJWD_FLOODS (Vijayawada; India),Bhuvan,CC-BY 4.0,https://oin-hotosm-temp.s3.us-east-1.amazonaws.com/6808835dcd738b2388b1efaf/0/6808835dcd738b2388b1efb0.tif,0.1,16.534789,80.636247
vjwd_022_006.png,VJWD_FLOODS (Vijayawada; India),Bhuvan,CC-BY 4.0,https://oin-hotosm-temp.s3.us-east-1.amazonaws.com/6808835dcd738b2388b1efaf/0/6808835dcd738b2388b1efb0.tif,0.1,16.534549,80.634088
vjwd_024_010.png,VJWD_FLOODS (Vijayawada; India),Bhuvan,CC-BY 4.0,https://oin-hotosm-temp.s3.us-east-1.amazonaws.com/6808835dcd738b2388b1efaf/0/6808835dcd738b2388b1efb0.tif,0.1,16.533589,80.634567
vjwd_015_011.png,VJWD_FLOODS (Vijayawada; India),Bhuvan,CC-BY 4.0,https://oin-hotosm-temp.s3.us-east-1.amazonaws.com/6808835dcd738b2388b1efaf/0/6808835dcd738b2388b1efb0.tif,0.1,16.533349,80.632409
vjwd_073_013.png,VJWD_FLOODS (Vijayawada; India),Bhuvan,CC-BY 4.0,https://oin-hotosm-temp.s3.us-east-1.amazonaws.com/6808835dcd738b2388b1efaf/0/6808835dcd738b2388b1efb0.tif,0.1,16.532870,80.646322
vjwd_017_015.png,VJWD_FLOODS (Vijayawada; India),Bhuvan,CC-BY 4.0,https://oin-hotosm-temp.s3.us-east-1.amazonaws.com/6808835dcd738b2388b1efaf/0/6808835dcd738b2388b1efb0.tif,0.1,16.532390,80.632888
vjwd_008_016.png,VJWD_FLOODS (Vijayawada; India),Bhuvan,CC-BY 4.0,https://oin-hotosm-temp.s3.us-east-1.amazonaws.com/6808835dcd738b2388b1efaf/0/6808835dcd738b2388b1efb0.tif,0.1,16.532150,80.630729
vjwd_075_017.png,VJWD_FLOODS (Vijayawada; India),Bhuvan,CC-BY 4.0,https://oin-hotosm-temp.s3.us-east-1.amazonaws.com/6808835dcd738b2388b1efaf/0/6808835dcd738b2388b1efb0.tif,0.1,16.531910,80.646801
vjwd_066_018.png,VJWD_FLOODS (Vijayawada; India),Bhuvan,CC-BY 4.0,https://oin-hotosm-temp.s3.us-east-1.amazonaws.com/6808835dcd738b2388b1efaf/0/6808835dcd738b2388b1efb0.tif,0.1,16.531670,80.644642
vjwd_010_020.png,VJWD_FLOODS (Vijayawada; India),Bhuvan,CC-BY 4.0,https://oin-hotosm-temp.s3.us-east-1.amazonaws.com/6808835dcd738b2388b1efaf/0/6808835dcd738b2388b1efb0.tif,0.1,16.531190,80.631209
vjwd_001_021.png,VJWD_FLOODS (Vijayawada; India),Bhuvan,CC-BY 4.0,https://oin-hotosm-temp.s3.us-east-1.amazonaws.com/6808835dcd738b2388b1efaf/0/6808835dcd738b2388b1efb0.tif,0.1,16.530950,80.629050
vjwd_077_021.png,VJWD_FLOODS (Vijayawada; India),Bhuvan,CC-BY 4.0,https://oin-hotosm-temp.s3.us-east-1.amazonaws.com/6808835dcd738b2388b1efaf/0/6808835dcd738b2388b1efb0.tif,0.1,16.530950,80.647281
vjwd_068_022.png,VJWD_FLOODS (Vijayawada; India),Bhuvan,CC-BY 4.0,https://oin-hotosm-temp.s3.us-east-1.amazonaws.com/6808835dcd738b2388b1efaf/0/6808835dcd738b2388b1efb0.tif,0.1,16.530711,80.645122
vjwd_059_023.png,VJWD_FLOODS (Vijayawada; India),Bhuvan,CC-BY 4.0,https://oin-hotosm-temp.s3.us-east-1.amazonaws.com/6808835dcd738b2388b1efaf/0/6808835dcd738b2388b1efb0.tif,0.1,16.530471,80.642963
vjwd_050_024.png,VJWD_FLOODS (Vijayawada; India),Bhuvan,CC-BY 4.0,https://oin-hotosm-temp.s3.us-east-1.amazonaws.com/6808835dcd738b2388b1efaf/0/6808835dcd738b2388b1efb0.tif,0.1,16.530231,80.640804
vjwd_003_025.png,VJWD_FLOODS (Vijayawada; India),Bhuvan,CC-BY 4.0,https://oin-hotosm-temp.s3.us-east-1.amazonaws.com/6808835dcd738b2388b1efaf/0/6808835dcd738b2388b1efb0.tif,0.1,16.529991,80.629530
vjwd_079_025.png,VJWD_FLOODS (Vijayawada; India),Bhuvan,CC-BY 4.0,https://oin-hotosm-temp.s3.us-east-1.amazonaws.com/6808835dcd738b2388b1efaf/0/6808835dcd738b2388b1efb0.tif,0.1,16.529991,80.647761
vjwd_070_026.png,VJWD_FLOODS (Vijayawada; India),Bhuvan,CC-BY 4.0,https://oin-hotosm-temp.s3.us-east-1.amazonaws.com/6808835dcd738b2388b1efaf/0/6808835dcd738b2388b1efb0.tif,0.1,16.529751,80.645602
vjwd_061_027.png,VJWD_FLOODS (Vijayawada; India),Bhuvan,CC-BY 4.0,https://oin-hotosm-temp.s3.us-east-1.amazonaws.com/6808835dcd738b2388b1efaf/0/6808835dcd738b2388b1efb0.tif,0.1,16.529511,80.643443
vjwd_052_028.png,VJWD_FLOODS (Vijayawada; India),Bhuvan,CC-BY 4.0,https://oin-hotosm-temp.s3.us-east-1.amazonaws.com/6808835dcd738b2388b1efaf/0/6808835dcd738b2388b1efb0.tif,0.1,16.529271,80.641284
vjwd_043_029.png,VJWD_FLOODS (Vijayawada; India),Bhuvan,CC-BY 4.0,https://oin-hotosm-temp.s3.us-east-1.amazonaws.com/6808835dcd738b2388b1efaf/0/6808835dcd738b2388b1efb0.tif,0.1,16.529031,80.639125
vjwd_081_029.png,VJWD_FLOODS (Vijayawada; India),Bhuvan,CC-BY 4.0,https://oin-hotosm-temp.s3.us-east-1.amazonaws.com/6808835dcd738b2388b1efaf/0/6808835dcd738b2388b1efb0.tif,0.1,16.529031,80.648241
vjwd_034_030.png,VJWD_FLOODS (Vijayawada; India),Bhuvan,CC-BY 4.0,https://oin-hotosm-temp.s3.us-east-1.amazonaws.com/6808835dcd738b2388b1efaf/0/6808835dcd738b2388b1efb0.tif,0.1,16.528792,80.636966
vjwd_072_030.png,VJWD_FLOODS (Vijayawada; India),Bhuvan,CC-BY 4.0,https://oin-hotosm-temp.s3.us-east-1.amazonaws.com/6808835dcd738b2388b1efaf/0/6808835dcd738b2388b1efb0.tif,0.1,16.528792,80.646082
vjwd_063_031.png,VJWD_FLOODS (Vijayawada; India),Bhuvan,CC-BY 4.0,https://oin-hotosm-temp.s3.us-east-1.amazonaws.com/6808835dcd738b2388b1efaf/0/6808835dcd738b2388b1efb0.tif,0.1,16.528552,80.643923
vjwd_054_032.png,VJWD_FLOODS (Vijayawada; India),Bhuvan,CC-BY 4.0,https://oin-hotosm-temp.s3.us-east-1.amazonaws.com/6808835dcd738b2388b1efaf/0/6808835dcd738b2388b1efb0.tif,0.1,16.528312,80.641764
vjwd_045_033.png,VJWD_FLOODS (Vijayawada; India),Bhuvan,CC-BY 4.0,https://oin-hotosm-temp.s3.us-east-1.amazonaws.com/6808835dcd738b2388b1efaf/0/6808835dcd738b2388b1efb0.tif,0.1,16.528072,80.639605
vjwd_036_034.png,VJWD_FLOODS (Vijayawada; India),Bhuvan,CC-BY 4.0,https://oin-hotosm-temp.s3.us-east-1.amazonaws.com/6808835dcd738b2388b1efaf/0/6808835dcd738b2388b1efb0.tif,0.1,16.527832,80.637446
vjwd_074_034.png,VJWD_FLOODS (Vijayawada; India),Bhuvan,CC-BY 4.0,https://oin-hotosm-temp.s3.us-east-1.amazonaws.com/6808835dcd738b2388b1efaf/0/6808835dcd738b2388b1efb0.tif,0.1,16.527832,80.646562
vjwd_027_035.png,VJWD_FLOODS (Vijayawada; India),Bhuvan,CC-BY 4.0,https://oin-hotosm-temp.s3.us-east-1.amazonaws.com/6808835dcd738b2388b1efaf/0/6808835dcd738b2388b1efb0.tif,0.1,16.527592,80.635287
vjwd_065_035.png,VJWD_FLOODS (Vijayawada; India),Bhuvan,CC-BY 4.0,https://oin-hotosm-temp.s3.us-east-1.amazonaws.com/6808835dcd738b2388b1efaf/0/6808835dcd738b2388b1efb0.tif,0.1,16.527592,80.644403
vjwd_056_036.png,VJWD_FLOODS (Vijayawada; India),Bhuvan,CC-BY 4.0,https://oin-hotosm-temp.s3.us-east-1.amazonaws.com/6808835dcd738b2388b1efaf/0/6808835dcd738b2388b1efb0.tif,0.1,16.527352,80.642244
vjwd_047_037.png,VJWD_FLOODS (Vijayawada; India),Bhuvan,CC-BY 4.0,https://oin-hotosm-temp.s3.us-east-1.amazonaws.com/6808835dcd738b2388b1efaf/0/6808835dcd738b2388b1efb0.tif,0.1,16.527112,80.640085
vjwd_038_038.png,VJWD_FLOODS (Vijayawada; India),Bhuvan,CC-BY 4.0,https://oin-hotosm-temp.s3.us-east-1.amazonaws.com/6808835dcd738b2388b1efaf/0/6808835dcd738b2388b1efb0.tif,0.1,16.526873,80.637926
vjwd_076_038.png,VJWD_FLOODS (Vijayawada; India),Bhuvan,CC-BY 4.0,https://oin-hotosm-temp.s3.us-east-1.amazonaws.com/6808835dcd738b2388b1efaf/0/6808835dcd738b2388b1efb0.tif,0.1,16.526873,80.647041
vjwd_029_039.png,VJWD_FLOODS (Vijayawada; India),Bhuvan,CC-BY 4.0,https://oin-hotosm-temp.s3.us-east-1.amazonaws.com/6808835dcd738b2388b1efaf/0/6808835dcd738b2388b1efb0.tif,0.1,16.526633,80.635767
vjwd_067_039.png,VJWD_FLOODS (Vijayawada; India),Bhuvan,CC-BY 4.0,https://oin-hotosm-temp.s3.us-east-1.amazonaws.com/6808835dcd738b2388b1efaf/0/6808835dcd738b2388b1efb0.tif,0.1,16.526633,80.644882
vjwd_020_040.png,VJWD_FLOODS (Vijayawada; India),Bhuvan,CC-BY 4.0,https://oin-hotosm-temp.s3.us-east-1.amazonaws.com/6808835dcd738b2388b1efaf/0/6808835dcd738b2388b1efb0.tif,0.1,16.526393,80.633608
vjwd_058_040.png,VJWD_FLOODS (Vijayawada; India),Bhuvan,CC-BY 4.0,https://oin-hotosm-temp.s3.us-east-1.amazonaws.com/6808835dcd738b2388b1efaf/0/6808835dcd738b2388b1efb0.tif,0.1,16.526393,80.642723
vjwd_049_041.png,VJWD_FLOODS (Vijayawada; India),Bhuvan,CC-BY 4.0,https://oin-hotosm-temp.s3.us-east-1.amazonaws.com/6808835dcd738b2388b1efaf/0/6808835dcd738b2388b1efb0.tif,0.1,16.526153,80.640564
vjwd_040_042.png,VJWD_FLOODS (Vijayawada; India),Bhuvan,CC-BY 4.0,https://oin-hotosm-temp.s3.us-east-1.amazonaws.com/6808835dcd738b2388b1efaf/0/6808835dcd738b2388b1efb0.tif,0.1,16.525913,80.638406
vjwd_078_042.png,VJWD_FLOODS (Vijayawada; India),Bhuvan,CC-BY 4.0,https://oin-hotosm-temp.s3.us-east-1.amazonaws.com/6808835dcd738b2388b1efaf/0/6808835dcd738b2388b1efb0.tif,0.1,16.525913,80.647521
vjwd_031_043.png,VJWD_FLOODS (Vijayawada; India),Bhuvan,CC-BY 4.0,https://oin-hotosm-temp.s3.us-east-1.amazonaws.com/6808835dcd738b2388b1efaf/0/6808835dcd738b2388b1efb0.tif,0.1,16.525673,80.636247
vjwd_069_043.png,VJWD_FLOODS (Vijayawada; India),Bhuvan,CC-BY 4.0,https://oin-hotosm-temp.s3.us-east-1.amazonaws.com/6808835dcd738b2388b1efaf/0/6808835dcd738b2388b1efb0.tif,0.1,16.525673,80.645362
vjwd_022_044.png,VJWD_FLOODS (Vijayawada; India),Bhuvan,CC-BY 4.0,https://oin-hotosm-temp.s3.us-east-1.amazonaws.com/6808835dcd738b2388b1efaf/0/6808835dcd738b2388b1efb0.tif,0.1,16.525433,80.634088
vjwd_060_044.png,VJWD_FLOODS (Vijayawada; India),Bhuvan,CC-BY 4.0,https://oin-hotosm-temp.s3.us-east-1.amazonaws.com/6808835dcd738b2388b1efaf/0/6808835dcd738b2388b1efb0.tif,0.1,16.525433,80.643203
vjwd_051_045.png,VJWD_FLOODS (Vijayawada; India),Bhuvan,CC-BY 4.0,https://oin-hotosm-temp.s3.us-east-1.amazonaws.com/6808835dcd738b2388b1efaf/0/6808835dcd738b2388b1efb0.tif,0.1,16.525193,80.641044
vjwd_042_046.png,VJWD_FLOODS (Vijayawada; India),Bhuvan,CC-BY 4.0,https://oin-hotosm-temp.s3.us-east-1.amazonaws.com/6808835dcd738b2388b1efaf/0/6808835dcd738b2388b1efb0.tif,0.1,16.524953,80.638885
vjwd_033_047.png,VJWD_FLOODS (Vijayawada; India),Bhuvan,CC-BY 4.0,https://oin-hotosm-temp.s3.us-east-1.amazonaws.com/6808835dcd738b2388b1efaf/0/6808835dcd738b2388b1efb0.tif,0.1,16.524714,80.636726
vjwd_024_048.png,VJWD_FLOODS (Vijayawada; India),Bhuvan,CC-BY 4.0,https://oin-hotosm-temp.s3.us-east-1.amazonaws.com/6808835dcd738b2388b1efaf/0/6808835dcd738b2388b1efb0.tif,0.1,16.524474,80.634567
vjwd_062_048.png,VJWD_FLOODS (Vijayawada; India),Bhuvan,CC-BY 4.0,https://oin-hotosm-temp.s3.us-east-1.amazonaws.com/6808835dcd738b2388b1efaf/0/6808835dcd738b2388b1efb0.tif,0.1,16.524474,80.643683
vjwd_053_049.png,VJWD_FLOODS (Vijayawada; India),Bhuvan,CC-BY 4.0,https://oin-hotosm-temp.s3.us-east-1.amazonaws.com/6808835dcd738b2388b1efaf/0/6808835dcd738b2388b1efb0.tif,0.1,16.524234,80.641524
vjwd_044_050.png,VJWD_FLOODS (Vijayawada; India),Bhuvan,CC-BY 4.0,https://oin-hotosm-temp.s3.us-east-1.amazonaws.com/6808835dcd738b2388b1efaf/0/6808835dcd738b2388b1efb0.tif,0.1,16.523994,80.639365
vjwd_035_051.png,VJWD_FLOODS (Vijayawada; India),Bhuvan,CC-BY 4.0,https://oin-hotosm-temp.s3.us-east-1.amazonaws.com/6808835dcd738b2388b1efaf/0/6808835dcd738b2388b1efb0.tif,0.1,16.523754,80.637206
vjwd_026_052.png,VJWD_FLOODS (Vijayawada; India),Bhuvan,CC-BY 4.0,https://oin-hotosm-temp.s3.us-east-1.amazonaws.com/6808835dcd738b2388b1efaf/0/6808835dcd738b2388b1efb0.tif,0.1,16.523514,80.635047
mohakhali_012_000.png,Mohakhali part 1 of 1; Tejgaon (Dhaka; Bangladesh),CSC,CC-BY 4.0,https://oin-hotosm-temp.s3.us-east-1.amazonaws.com/6577eaede8628500014ae62d/0/6577eaede8628500014ae62e.tif,0.1,23.775694,90.401673
mohakhali_016_001.png,Mohakhali part 1 of 1; Tejgaon (Dhaka; Bangladesh),CSC,CC-BY 4.0,https://oin-hotosm-temp.s3.us-east-1.amazonaws.com/6577eaede8628500014ae62d/0/6577eaede8628500014ae62e.tif,0.1,23.775480,90.402681
mohakhali_008_002.png,Mohakhali part 1 of 1; Tejgaon (Dhaka; Bangladesh),CSC,CC-BY 4.0,https://oin-hotosm-temp.s3.us-east-1.amazonaws.com/6577eaede8628500014ae62d/0/6577eaede8628500014ae62e.tif,0.1,23.775215,90.400678
mohakhali_020_002.png,Mohakhali part 1 of 1; Tejgaon (Dhaka; Bangladesh),CSC,CC-BY 4.0,https://oin-hotosm-temp.s3.us-east-1.amazonaws.com/6577eaede8628500014ae62d/0/6577eaede8628500014ae62e.tif,0.1,23.775265,90.403690
mohakhali_012_003.png,Mohakhali part 1 of 1; Tejgaon (Dhaka; Bangladesh),CSC,CC-BY 4.0,https://oin-hotosm-temp.s3.us-east-1.amazonaws.com/6577eaede8628500014ae62d/0/6577eaede8628500014ae62e.tif,0.1,23.775001,90.401686
mohakhali_004_004.png,Mohakhali part 1 of 1; Tejgaon (Dhaka; Bangladesh),CSC,CC-BY 4.0,https://oin-hotosm-temp.s3.us-east-1.amazonaws.com/6577eaede8628500014ae62d/0/6577eaede8628500014ae62e.tif,0.1,23.774736,90.399683
mohakhali_016_004.png,Mohakhali part 1 of 1; Tejgaon (Dhaka; Bangladesh),CSC,CC-BY 4.0,https://oin-hotosm-temp.s3.us-east-1.amazonaws.com/6577eaede8628500014ae62d/0/6577eaede8628500014ae62e.tif,0.1,23.774787,90.402695
mohakhali_008_005.png,Mohakhali part 1 of 1; Tejgaon (Dhaka; Bangladesh),CSC,CC-BY 4.0,https://oin-hotosm-temp.s3.us-east-1.amazonaws.com/6577eaede8628500014ae62d/0/6577eaede8628500014ae62e.tif,0.1,23.774522,90.400692
mohakhali_020_005.png,Mohakhali part 1 of 1; Tejgaon (Dhaka; Bangladesh),CSC,CC-BY 4.0,https://oin-hotosm-temp.s3.us-east-1.amazonaws.com/6577eaede8628500014ae62d/0/6577eaede8628500014ae62e.tif,0.1,23.774572,90.403704
mohakhali_012_006.png,Mohakhali part 1 of 1; Tejgaon (Dhaka; Bangladesh),CSC,CC-BY 4.0,https://oin-hotosm-temp.s3.us-east-1.amazonaws.com/6577eaede8628500014ae62d/0/6577eaede8628500014ae62e.tif,0.1,23.774308,90.401700
mohakhali_024_006.png,Mohakhali part 1 of 1; Tejgaon (Dhaka; Bangladesh),CSC,CC-BY 4.0,https://oin-hotosm-temp.s3.us-east-1.amazonaws.com/6577eaede8628500014ae62d/0/6577eaede8628500014ae62e.tif,0.1,23.774358,90.404712
mohakhali_004_007.png,Mohakhali part 1 of 1; Tejgaon (Dhaka; Bangladesh),CSC,CC-BY 4.0,https://oin-hotosm-temp.s3.us-east-1.amazonaws.com/6577eaede8628500014ae62d/0/6577eaede8628500014ae62e.tif,0.1,23.774043,90.399697
mohakhali_016_007.png,Mohakhali part 1 of 1; Tejgaon (Dhaka; Bangladesh),CSC,CC-BY 4.0,https://oin-hotosm-temp.s3.us-east-1.amazonaws.com/6577eaede8628500014ae62d/0/6577eaede8628500014ae62e.tif,0.1,23.774094,90.402709
mohakhali_028_007.png,Mohakhali part 1 of 1; Tejgaon (Dhaka; Bangladesh),CSC,CC-BY 4.0,https://oin-hotosm-temp.s3.us-east-1.amazonaws.com/6577eaede8628500014ae62d/0/6577eaede8628500014ae62e.tif,0.1,23.774144,90.405721
mohakhali_008_008.png,Mohakhali part 1 of 1; Tejgaon (Dhaka; Bangladesh),CSC,CC-BY 4.0,https://oin-hotosm-temp.s3.us-east-1.amazonaws.com/6577eaede8628500014ae62d/0/6577eaede8628500014ae62e.tif,0.1,23.773829,90.400705
mohakhali_020_008.png,Mohakhali part 1 of 1; Tejgaon (Dhaka; Bangladesh),CSC,CC-BY 4.0,https://oin-hotosm-temp.s3.us-east-1.amazonaws.com/6577eaede8628500014ae62d/0/6577eaede8628500014ae62e.tif,0.1,23.773879,90.403717
mohakhali_000_009.png,Mohakhali part 1 of 1; Tejgaon (Dhaka; Bangladesh),CSC,CC-BY 4.0,https://oin-hotosm-temp.s3.us-east-1.amazonaws.com/6577eaede8628500014ae62d/0/6577eaede8628500014ae62e.tif,0.1,23.773564,90.398702
mohakhali_012_009.png,Mohakhali part 1 of 1; Tejgaon (Dhaka; Bangladesh),CSC,CC-BY 4.0,https://oin-hotosm-temp.s3.us-east-1.amazonaws.com/6577eaede8628500014ae62d/0/6577eaede8628500014ae62e.tif,0.1,23.773615,90.401714
mohakhali_024_009.png,Mohakhali part 1 of 1; Tejgaon (Dhaka; Bangladesh),CSC,CC-BY 4.0,https://oin-hotosm-temp.s3.us-east-1.amazonaws.com/6577eaede8628500014ae62d/0/6577eaede8628500014ae62e.tif,0.1,23.773665,90.404726
mohakhali_004_010.png,Mohakhali part 1 of 1; Tejgaon (Dhaka; Bangladesh),CSC,CC-BY 4.0,https://oin-hotosm-temp.s3.us-east-1.amazonaws.com/6577eaede8628500014ae62d/0/6577eaede8628500014ae62e.tif,0.1,23.773350,90.399711
mohakhali_016_010.png,Mohakhali part 1 of 1; Tejgaon (Dhaka; Bangladesh),CSC,CC-BY 4.0,https://oin-hotosm-temp.s3.us-east-1.amazonaws.com/6577eaede8628500014ae62d/0/6577eaede8628500014ae62e.tif,0.1,23.773401,90.402723
mohakhali_028_010.png,Mohakhali part 1 of 1; Tejgaon (Dhaka; Bangladesh),CSC,CC-BY 4.0,https://oin-hotosm-temp.s3.us-east-1.amazonaws.com/6577eaede8628500014ae62d/0/6577eaede8628500014ae62e.tif,0.1,23.773451,90.405734
mohakhali_008_011.png,Mohakhali part 1 of 1; Tejgaon (Dhaka; Bangladesh),CSC,CC-BY 4.0,https://oin-hotosm-temp.s3.us-east-1.amazonaws.com/6577eaede8628500014ae62d/0/6577eaede8628500014ae62e.tif,0.1,23.773136,90.400719
mohakhali_020_011.png,Mohakhali part 1 of 1; Tejgaon (Dhaka; Bangladesh),CSC,CC-BY 4.0,https://oin-hotosm-temp.s3.us-east-1.amazonaws.com/6577eaede8628500014ae62d/0/6577eaede8628500014ae62e.tif,0.1,23.773186,90.403731
mohakhali_012_012.png,Mohakhali part 1 of 1; Tejgaon (Dhaka; Bangladesh),CSC,CC-BY 4.0,https://oin-hotosm-temp.s3.us-east-1.amazonaws.com/6577eaede8628500014ae62d/0/6577eaede8628500014ae62e.tif,0.1,23.772922,90.401728
